{"cameraMode":{"drawMode":0,"name":"Shaded","section":"Shading Mode"},"sceneLighting":false,"audioPlay":false,"sceneViewState":{"m_AlwaysRefresh":false,"showFog":true,"showSkybox":false,"showFlares":true,"showImageEffects":true,"showParticleSystems":true,"showVisualEffectGraphs":true,"m_FxEnabled":true},"in2DMode":false,"pivot":{"x":-0.00008058547973632813,"y":0.8642494678497315,"z":0.0032529830932617189},"rotation":{"x":-0.04727454110980034,"y":0.9149172306060791,"z":-0.38478073477745058,"w":-0.11240779608488083},"size":1.1264559030532838,"orthographic":false}