{"cameraMode":{"drawMode":0,"name":"Shaded","section":"Shading Mode"},"sceneLighting":false,"audioPlay":false,"sceneViewState":{"m_AlwaysRefresh":false,"showFog":true,"showSkybox":false,"showFlares":true,"showImageEffects":true,"showParticleSystems":true,"showVisualEffectGraphs":true,"m_FxEnabled":true},"in2DMode":false,"pivot":{"x":-0.30539175868034365,"y":-0.036302488297224048,"z":0.09263569861650467},"rotation":{"x":-0.03436065837740898,"y":0.6918577551841736,"z":-0.03299550339579582,"w":-0.7204636335372925},"size":0.20479917526245118,"orthographic":false}