{"cameraMode":{"drawMode":0,"name":"Shaded","section":"Shading Mode"},"sceneLighting":false,"audioPlay":false,"sceneViewState":{"m_AlwaysRefresh":false,"showFog":true,"showSkybox":false,"showFlares":true,"showImageEffects":true,"showParticleSystems":true,"showVisualEffectGraphs":true,"m_FxEnabled":true},"in2DMode":false,"pivot":{"x":0.0002636909484863281,"y":0.9703625440597534,"z":0.013126909732818604},"rotation":{"x":-0.04727454110980034,"y":0.9149172306060791,"z":-0.38478073477745058,"w":-0.11240779608488083},"size":1.2858898639678956,"orthographic":false}