{"cameraMode":{"drawMode":0,"name":"Shaded","section":"Shading Mode"},"sceneLighting":false,"audioPlay":false,"sceneViewState":{"m_AlwaysRefresh":false,"showFog":true,"showSkybox":false,"showFlares":true,"showImageEffects":true,"showParticleSystems":true,"showVisualEffectGraphs":true,"m_FxEnabled":true},"in2DMode":false,"pivot":{"x":0.1716129630804062,"y":0.6588161587715149,"z":0.4914286136627197},"rotation":{"x":-0.008540765382349491,"y":0.9603758454322815,"z":-0.27700021862983706,"w":-0.0296113733202219},"size":0.8551992177963257,"orthographic":false}